<?xml version="1.0" encoding="utf-8"?>
<items>
<item><title>信达国子郡</title><address>昌平区-北京市昌平区沙河高教园二街与沙河西三街交汇南</address><time>2019年07月06日</time><clicks>357</clicks><price>51000</price></item>
<item><title>公园十七区</title><address>顺义区-北京市顺义区双裕北街26号</address><time>2019年07月07日</time><clicks>75</clicks><price>56000</price></item>
<item><title>丽景长安</title><address>门头沟区-门头沟永定镇石龙西路与三石路交叉口西南角</address><time>2017年04月01日</time><clicks>4256</clicks><price>45000</price></item>
<item><title>中冶德贤公馆</title><address>大兴区-北京市南四环榴乡桥东南角</address><time>2017年01月12日</time><clicks>3594</clicks><price>73000</price></item>
<item><title>凯德麓语</title><address>昌平区-昌平区兴寿镇半壁店村</address><time>2017年6月3日</time><clicks>4120</clicks><price>37000</price></item>
<item><title>天恒乐墅</title><address>房山区-阎村镇紫码路西行1500米</address><time>2017年08月15日</time><clicks>849</clicks><price>43000</price></item>
<item><title>天资华府</title><address>房山区-北京市房山区长阳昊天北大街38号长阳CSD东侧</address><time>现房</time><clicks>3142</clicks><price>42000</price></item>
<item><title>檀香府</title><address>门头沟区-北京市门头沟莲花池西路西延线潭柘寺隧道出口北侧</address><time>2018年01月06日</time><clicks>2525</clicks><price>40000</price></item>
<item><title>五矿名品</title><address>房山区-房山线良乡大学城站向东约800米路南</address><time>顺销</time><clicks>1430</clicks><price>47000</price></item>
<item><title>西山燕庐</title><address>门头沟区-北京市门头沟区泰安路与上园路交汇处东南角（远洋新天地南侧）</address><time>2017年6月18日</time><clicks>3718</clicks><price>63000</price></item>
</items>